<?xml version="1.0" encoding="UTF-8"?><idempiere Name="OIDC" Version="1.0.0" idempiereVersion="" DataBaseVersion="" Description="" Author="" AuthorEmail="hengsin@gamil.com" CreatedDate="2023-08-04 06:13:18.149" UpdatedDate="2023-08-04 11:15:48.75" PackOutVersion="100" UpdateDictionary="false" Client="0-SYSTEM-System" AD_Client_UU="11237b53-9592-4af1-b3c5-afd216514b5d">
    <AD_Ref_List type="table">
        <AD_Client_ID>0</AD_Client_ID>
        <AD_Org_ID>0</AD_Org_ID>
        <Name>OpenID Connect</Name>
        <Description/>
        <AD_Reference_ID reference="id">200213</AD_Reference_ID>
        <ValidFrom/>
        <ValidTo/>
        <Value>OIDC</Value>
        <AD_Org_ID reference="id">0</AD_Org_ID>
        <IsActive>Y</IsActive>
        <EntityType>U</EntityType>
        <AD_Ref_List_UU>6e3bf767-e059-4b88-b1cf-38b8c3d02f21</AD_Ref_List_UU>
        <AD_Ref_List_Trl type="translation">
            <Description/>
            <Name>OpenID Connect</Name>
            <AD_Language>es_CO</AD_Language>
            <IsActive>Y</IsActive>
            <IsTranslated>N</IsTranslated>
        </AD_Ref_List_Trl>
    </AD_Ref_List>
</idempiere>
